schema,block,seed,position,condition
spmpc_phase_rejoin_formal_order_v1,1,3101,1,C0
spmpc_phase_rejoin_formal_order_v1,1,3101,2,C1
spmpc_phase_rejoin_formal_order_v1,1,3101,3,IS
spmpc_phase_rejoin_formal_order_v1,1,3101,4,C2
spmpc_phase_rejoin_formal_order_v1,1,3101,5,C4
spmpc_phase_rejoin_formal_order_v1,1,3101,6,C3
spmpc_phase_rejoin_formal_order_v1,2,3102,1,C1
spmpc_phase_rejoin_formal_order_v1,2,3102,2,C2
spmpc_phase_rejoin_formal_order_v1,2,3102,3,C0
spmpc_phase_rejoin_formal_order_v1,2,3102,4,C3
spmpc_phase_rejoin_formal_order_v1,2,3102,5,IS
spmpc_phase_rejoin_formal_order_v1,2,3102,6,C4
spmpc_phase_rejoin_formal_order_v1,3,3103,1,C2
spmpc_phase_rejoin_formal_order_v1,3,3103,2,C3
spmpc_phase_rejoin_formal_order_v1,3,3103,3,C1
spmpc_phase_rejoin_formal_order_v1,3,3103,4,C4
spmpc_phase_rejoin_formal_order_v1,3,3103,5,C0
spmpc_phase_rejoin_formal_order_v1,3,3103,6,IS
spmpc_phase_rejoin_formal_order_v1,4,3104,1,C3
spmpc_phase_rejoin_formal_order_v1,4,3104,2,C4
spmpc_phase_rejoin_formal_order_v1,4,3104,3,C2
spmpc_phase_rejoin_formal_order_v1,4,3104,4,IS
spmpc_phase_rejoin_formal_order_v1,4,3104,5,C1
spmpc_phase_rejoin_formal_order_v1,4,3104,6,C0
spmpc_phase_rejoin_formal_order_v1,5,3105,1,C4
spmpc_phase_rejoin_formal_order_v1,5,3105,2,IS
spmpc_phase_rejoin_formal_order_v1,5,3105,3,C3
spmpc_phase_rejoin_formal_order_v1,5,3105,4,C0
spmpc_phase_rejoin_formal_order_v1,5,3105,5,C2
spmpc_phase_rejoin_formal_order_v1,5,3105,6,C1
spmpc_phase_rejoin_formal_order_v1,6,3106,1,IS
spmpc_phase_rejoin_formal_order_v1,6,3106,2,C0
spmpc_phase_rejoin_formal_order_v1,6,3106,3,C4
spmpc_phase_rejoin_formal_order_v1,6,3106,4,C1
spmpc_phase_rejoin_formal_order_v1,6,3106,5,C3
spmpc_phase_rejoin_formal_order_v1,6,3106,6,C2
spmpc_phase_rejoin_formal_order_v1,7,3107,1,C0
spmpc_phase_rejoin_formal_order_v1,7,3107,2,C1
spmpc_phase_rejoin_formal_order_v1,7,3107,3,IS
spmpc_phase_rejoin_formal_order_v1,7,3107,4,C2
spmpc_phase_rejoin_formal_order_v1,7,3107,5,C4
spmpc_phase_rejoin_formal_order_v1,7,3107,6,C3
spmpc_phase_rejoin_formal_order_v1,8,3108,1,C1
spmpc_phase_rejoin_formal_order_v1,8,3108,2,C2
spmpc_phase_rejoin_formal_order_v1,8,3108,3,C0
spmpc_phase_rejoin_formal_order_v1,8,3108,4,C3
spmpc_phase_rejoin_formal_order_v1,8,3108,5,IS
spmpc_phase_rejoin_formal_order_v1,8,3108,6,C4
spmpc_phase_rejoin_formal_order_v1,9,3109,1,C2
spmpc_phase_rejoin_formal_order_v1,9,3109,2,C3
spmpc_phase_rejoin_formal_order_v1,9,3109,3,C1
spmpc_phase_rejoin_formal_order_v1,9,3109,4,C4
spmpc_phase_rejoin_formal_order_v1,9,3109,5,C0
spmpc_phase_rejoin_formal_order_v1,9,3109,6,IS
spmpc_phase_rejoin_formal_order_v1,10,3110,1,C3
spmpc_phase_rejoin_formal_order_v1,10,3110,2,C4
spmpc_phase_rejoin_formal_order_v1,10,3110,3,C2
spmpc_phase_rejoin_formal_order_v1,10,3110,4,IS
spmpc_phase_rejoin_formal_order_v1,10,3110,5,C1
spmpc_phase_rejoin_formal_order_v1,10,3110,6,C0
spmpc_phase_rejoin_formal_order_v1,11,3111,1,C4
spmpc_phase_rejoin_formal_order_v1,11,3111,2,IS
spmpc_phase_rejoin_formal_order_v1,11,3111,3,C3
spmpc_phase_rejoin_formal_order_v1,11,3111,4,C0
spmpc_phase_rejoin_formal_order_v1,11,3111,5,C2
spmpc_phase_rejoin_formal_order_v1,11,3111,6,C1
spmpc_phase_rejoin_formal_order_v1,12,3112,1,IS
spmpc_phase_rejoin_formal_order_v1,12,3112,2,C0
spmpc_phase_rejoin_formal_order_v1,12,3112,3,C4
spmpc_phase_rejoin_formal_order_v1,12,3112,4,C1
spmpc_phase_rejoin_formal_order_v1,12,3112,5,C3
spmpc_phase_rejoin_formal_order_v1,12,3112,6,C2
spmpc_phase_rejoin_formal_order_v1,13,3113,1,C0
spmpc_phase_rejoin_formal_order_v1,13,3113,2,C1
spmpc_phase_rejoin_formal_order_v1,13,3113,3,IS
spmpc_phase_rejoin_formal_order_v1,13,3113,4,C2
spmpc_phase_rejoin_formal_order_v1,13,3113,5,C4
spmpc_phase_rejoin_formal_order_v1,13,3113,6,C3
spmpc_phase_rejoin_formal_order_v1,14,3114,1,C1
spmpc_phase_rejoin_formal_order_v1,14,3114,2,C2
spmpc_phase_rejoin_formal_order_v1,14,3114,3,C0
spmpc_phase_rejoin_formal_order_v1,14,3114,4,C3
spmpc_phase_rejoin_formal_order_v1,14,3114,5,IS
spmpc_phase_rejoin_formal_order_v1,14,3114,6,C4
spmpc_phase_rejoin_formal_order_v1,15,3115,1,C2
spmpc_phase_rejoin_formal_order_v1,15,3115,2,C3
spmpc_phase_rejoin_formal_order_v1,15,3115,3,C1
spmpc_phase_rejoin_formal_order_v1,15,3115,4,C4
spmpc_phase_rejoin_formal_order_v1,15,3115,5,C0
spmpc_phase_rejoin_formal_order_v1,15,3115,6,IS
spmpc_phase_rejoin_formal_order_v1,16,3116,1,C3
spmpc_phase_rejoin_formal_order_v1,16,3116,2,C4
spmpc_phase_rejoin_formal_order_v1,16,3116,3,C2
spmpc_phase_rejoin_formal_order_v1,16,3116,4,IS
spmpc_phase_rejoin_formal_order_v1,16,3116,5,C1
spmpc_phase_rejoin_formal_order_v1,16,3116,6,C0
